Auto-commit on Thu Jan  1 02:31:44 UTC 2026
Auto-commit on Thu Jan  1 04:52:56 UTC 2026
Auto-commit on Thu Jan  1 08:38:51 UTC 2026
Auto-commit on Thu Jan  1 12:58:16 UTC 2026
Auto-commit on Fri Jan  2 02:21:53 UTC 2026
Auto-commit on Fri Jan  2 04:48:18 UTC 2026
Auto-commit on Fri Jan  2 08:39:03 UTC 2026
Auto-commit on Fri Jan  2 12:57:28 UTC 2026
Auto-commit on Sat Jan  3 02:09:09 UTC 2026
Auto-commit on Sat Jan  3 04:37:43 UTC 2026
Auto-commit on Sat Jan  3 08:35:55 UTC 2026
Auto-commit on Sat Jan  3 12:55:16 UTC 2026
Auto-commit on Sun Jan  4 02:33:07 UTC 2026
Auto-commit on Sun Jan  4 04:53:12 UTC 2026
Auto-commit on Sun Jan  4 08:37:01 UTC 2026
Auto-commit on Sun Jan  4 12:56:06 UTC 2026
Auto-commit on Mon Jan  5 02:32:29 UTC 2026
Auto-commit on Mon Jan  5 05:00:45 UTC 2026
Auto-commit on Mon Jan  5 08:44:49 UTC 2026
Auto-commit on Mon Jan  5 13:03:14 UTC 2026
Auto-commit on Tue Jan  6 02:21:35 UTC 2026
Auto-commit on Tue Jan  6 04:46:29 UTC 2026
Auto-commit on Tue Jan  6 08:41:22 UTC 2026
Auto-commit on Tue Jan  6 13:00:41 UTC 2026
Auto-commit on Wed Jan  7 02:21:26 UTC 2026
Auto-commit on Wed Jan  7 04:48:10 UTC 2026
Auto-commit on Wed Jan  7 08:41:03 UTC 2026
Auto-commit on Wed Jan  7 13:02:21 UTC 2026
Auto-commit on Thu Jan  8 02:21:52 UTC 2026
Auto-commit on Thu Jan  8 04:46:00 UTC 2026
Auto-commit on Thu Jan  8 08:40:52 UTC 2026
Auto-commit on Thu Jan  8 13:02:54 UTC 2026
Auto-commit on Fri Jan  9 02:22:20 UTC 2026
Auto-commit on Fri Jan  9 04:47:12 UTC 2026
Auto-commit on Fri Jan  9 08:40:38 UTC 2026
Auto-commit on Fri Jan  9 13:01:55 UTC 2026
Auto-commit on Sat Jan 10 02:12:09 UTC 2026
Auto-commit on Sat Jan 10 04:39:13 UTC 2026
Auto-commit on Sat Jan 10 08:35:37 UTC 2026
Auto-commit on Sat Jan 10 12:55:30 UTC 2026
Auto-commit on Sun Jan 11 02:32:59 UTC 2026
Auto-commit on Sun Jan 11 04:52:34 UTC 2026
Auto-commit on Sun Jan 11 08:36:03 UTC 2026
Auto-commit on Sun Jan 11 12:56:29 UTC 2026
Auto-commit on Mon Jan 12 02:28:17 UTC 2026
Auto-commit on Mon Jan 12 04:55:30 UTC 2026
Auto-commit on Mon Jan 12 08:42:57 UTC 2026
Auto-commit on Mon Jan 12 13:04:06 UTC 2026
Auto-commit on Tue Jan 13 02:20:02 UTC 2026
Auto-commit on Tue Jan 13 04:48:03 UTC 2026
Auto-commit on Tue Jan 13 08:41:04 UTC 2026
Auto-commit on Tue Jan 13 13:04:13 UTC 2026
Auto-commit on Wed Jan 14 02:27:03 UTC 2026
Auto-commit on Wed Jan 14 04:50:53 UTC 2026
Auto-commit on Wed Jan 14 08:40:47 UTC 2026
Auto-commit on Wed Jan 14 13:04:10 UTC 2026
Auto-commit on Thu Jan 15 02:21:33 UTC 2026
Auto-commit on Thu Jan 15 04:48:44 UTC 2026
Auto-commit on Thu Jan 15 08:40:56 UTC 2026
Auto-commit on Thu Jan 15 13:02:47 UTC 2026
Auto-commit on Fri Jan 16 02:23:16 UTC 2026
Auto-commit on Fri Jan 16 04:46:37 UTC 2026
Auto-commit on Fri Jan 16 08:39:41 UTC 2026
Auto-commit on Fri Jan 16 13:01:42 UTC 2026
Auto-commit on Sat Jan 17 02:10:31 UTC 2026
Auto-commit on Sat Jan 17 04:37:24 UTC 2026
Auto-commit on Sat Jan 17 08:35:29 UTC 2026
Auto-commit on Sat Jan 17 12:55:22 UTC 2026
Auto-commit on Sun Jan 18 02:31:14 UTC 2026
Auto-commit on Sun Jan 18 04:47:28 UTC 2026
Auto-commit on Sun Jan 18 08:35:49 UTC 2026
Auto-commit on Sun Jan 18 12:55:16 UTC 2026
Auto-commit on Mon Jan 19 02:28:28 UTC 2026
Auto-commit on Mon Jan 19 04:56:54 UTC 2026
Auto-commit on Mon Jan 19 08:44:10 UTC 2026
Auto-commit on Mon Jan 19 13:07:17 UTC 2026
Auto-commit on Tue Jan 20 02:23:29 UTC 2026
Auto-commit on Tue Jan 20 04:52:09 UTC 2026
Auto-commit on Tue Jan 20 08:43:48 UTC 2026
Auto-commit on Tue Jan 20 13:07:52 UTC 2026
Auto commit 1 on Wed Jan 21 01:25:10 UTC 2026
Auto commit 1 on Thu Jan 22 01:25:11 UTC 2026
Auto commit 1 on Fri Jan 23 01:22:55 UTC 2026
Auto commit 2 on Fri Jan 23 01:27:13 UTC 2026
Auto commit 1 on Sun Jan 25 01:40:52 UTC 2026
Auto commit 1 on Mon Jan 26 01:40:26 UTC 2026
Auto commit 1 on Tue Jan 27 01:28:27 UTC 2026
Auto commit 2 on Tue Jan 27 01:30:53 UTC 2026
Auto commit 1 on Wed Jan 28 01:24:54 UTC 2026
Auto commit 2 on Wed Jan 28 01:25:19 UTC 2026
Auto commit 1 on Thu Jan 29 01:45:44 UTC 2026
Auto commit 2 on Thu Jan 29 01:47:48 UTC 2026
Auto commit 1 on Fri Jan 30 01:46:27 UTC 2026
Auto commit 2 on Fri Jan 30 01:48:55 UTC 2026
Auto commit 3 on Fri Jan 30 01:50:21 UTC 2026
Auto commit 1 on Sat Jan 31 01:42:06 UTC 2026
